﻿<?xml version="1.0" encoding="utf-8"?>

<SetupFile>
  <Commands>
    <Command name="TheRenamer">
      <Settings>
        <Setting name="movieDir" value="" />
        <Setting name="tvDir" value="" />
        <Setting name="path" value="" />
        <Setting name="postWaitTime" value="" />
        <Setting name="torrentStatus" value="" />
      </Settings>
    </Command>
    <Command name="XBMC">
      <Settings>
        <Setting name="username" value="" />
        <Setting name="password" value="" />
        <Setting name="host" value="" />
      </Settings>
    </Command>
    <Command name="UTorrent">
      <Settings>
        <Setting name="username" value="" />
        <Setting name="password" value="" />
        <Setting name="host" value="" />
      </Settings>
    </Command>
    <Command name="Messenger">
      <Settings>
        <Setting name="accountSid" value="" />
        <Setting name="authToken" value="" />
        <Setting name="fromNumber" value="" />
        <Setting name="toNumber" value="" />
      </Settings>
    </Command>
  </Commands>
  <Parameters></Parameters>
  <LogSourceName></LogSourceName>
</SetupFile>